Workbook

Sheet Students
C6: Roll No | D6: Name | E6: Class
C7: 101 | D7: Aarav Shah | E7: 10A
C8: 102 | D8: Priya Nair | E8: 10A
C9: 103 | D9: Kabir Verma | E9: 10A
C10: 104 | D10: Sanya Joshi | E10: 10A
C11: 105 | D11: Raj Mehta | E11: 10A
C12: 106 | D12: Ananya Gupta | E12: 10A
C13: 107 | D13: Rohan Iyer | E13: 10A

Sheet Term 1 Marks
E5: Roll No | F5: Math | G5: Science | H5: English
E6: 101 | F6: 85 | G6: 90 | H6: 88
E7: 102 | F7: 78 | G7: 82 | H7: 79
E8: 103 | F8: 92 | G8: 89 | H8: 94
E9: 104 | F9: 65 | G9: 70 | H9: 68
E10: 105 | F10: 80 | G10: 85 | H10: 83
E11: 106 | F11: 74 | G11: 78 | H11: 77

Sheet Backup Marks
E6: Roll No | F6: Math | G6: Science | H6: English
E7: 107 | F7: 88 | G7: 90 | H7: 85

Sheet Attendance Sheet
D3: Roll No | E3: Total Days | F3: Present Days
D4: 101 | E4: 200 | F4: 180
D5: 102 | E5: 200 | F5: 175
D6: 103 | E6: 200 | F6: 190
D7: 104 | E7: 200 | F7: 160
D8: 105 | E8: 200 | F8: 170
D9: 106 | E9: 200 | F9: 185
D10: 107 | E10: 200 | F10: 178

Sheet Questions
B2: Question 1:
B3: Using VLOOKUP, retrieve each student’s Science marks from the Term 1 Marks sheet for the list of students in the Students sheet. Enter "Not Found!" if the marks of any student is not present in any of the sheets.
B5: Roll No | C5: Name | D5: Science | E5: Attendance | F5: Pass/Fail
B6: 101 | C6: Aarav Shah | D6: =IFERROR(IFERROR(VLOOKUP(B6,'Term 1 Marks'!E$6:H$11,3,0),VLOOKUP(B6,'Backup Marks'!$E$7:$H$7,MATCH(D$5,'Backup Marks'!$E$6:$H$6,0),0)),"Not Found!") -> 90 | E6: =VLOOKUP(B6,'Attendance Sheet'!$D$4:$F$10,3,0) / VLOOKUP(B6,'Attendance Sheet'!$D$4:$F$10,2,0) -> 0.9 | F6: =IF(AND(D6>=70,E6>85%),"Pass","Fail") -> Pass
B7: 106 | C7: Ananya Gupta | D7: =IFERROR(VLOOKUP(B7,'Term 1 Marks'!E$6:H$11,3,0),VLOOKUP(B7,'Backup Marks'!$E$7:$H$7,MATCH(D$5,'Backup Marks'!$E$6:$H$6,0),0)) -> 78 | E7: =VLOOKUP(B7,'Attendance Sheet'!$D$4:$F$10,3,0) / VLOOKUP(B7,'Attendance Sheet'!$D$4:$F$10,2,0) -> 0.925 | F7: =IF(AND(D7>=70,E7>85%),"Pass","Fail") -> Pass
B8: 103 | C8: Kabir Verma | D8: =IFERROR(VLOOKUP(B8,'Term 1 Marks'!E$6:H$11,3,0),VLOOKUP(B8,'Backup Marks'!$E$7:$H$7,MATCH(D$5,'Backup Marks'!$E$6:$H$6,0),0)) -> 89 | E8: =VLOOKUP(B8,'Attendance Sheet'!$D$4:$F$10,3,0) / VLOOKUP(B8,'Attendance Sheet'!$D$4:$F$10,2,0) -> 0.95 | F8: =IF(AND(D8>=70,E8>85%),"Pass","Fail") -> Pass
B9: 102 | C9: Priya Nair | D9: =IFERROR(VLOOKUP(B9,'Term 1 Marks'!E$6:H$11,3,0),VLOOKUP(B9,'Backup Marks'!$E$7:$H$7,MATCH(D$5,'Backup Marks'!$E$6:$H$6,0),0)) -> 82 | E9: =VLOOKUP(B9,'Attendance Sheet'!$D$4:$F$10,3,0) / VLOOKUP(B9,'Attendance Sheet'!$D$4:$F$10,2,0) -> 0.875 | F9: =IF(AND(D9>=70,E9>85%),"Pass","Fail") -> Pass
B10: 105 | C10: Raj Mehta | D10: =IFERROR(VLOOKUP(B10,'Term 1 Marks'!E$6:H$11,3,0),VLOOKUP(B10,'Backup Marks'!$E$7:$H$7,MATCH(D$5,'Backup Marks'!$E$6:$H$6,0),0)) -> 85 | E10: =VLOOKUP(B10,'Attendance Sheet'!$D$4:$F$10,3,0) / VLOOKUP(B10,'Attendance Sheet'!$D$4:$F$10,2,0) -> 0.85 | F10: =IF(AND(D10>=70,E10>85%),"Pass","Fail") -> Fail
B11: 107 | C11: Rohan Iyer | D11: =IFERROR(VLOOKUP(B11,'Term 1 Marks'!E$6:H$11,3,0),VLOOKUP(B11,'Backup Marks'!$E$7:$H$7,MATCH(D$5,'Backup Marks'!$E$6:$H$6,0),0)) -> 90 | E11: =VLOOKUP(B11,'Attendance Sheet'!$D$4:$F$10,3,0) / VLOOKUP(B11,'Attendance Sheet'!$D$4:$F$10,2,0) -> 0.89 | F11: =IF(AND(D11>=70,E11>85%),"Pass","Fail") -> Pass
B12: 104 | C12: Sanya Joshi | D12: =IFERROR(VLOOKUP(B12,'Term 1 Marks'!E$6:H$11,3,0),VLOOKUP(B12,'Backup Marks'!$E$7:$H$7,MATCH(D$5,'Backup Marks'!$E$6:$H$6,0),0)) -> 70 | E12: =VLOOKUP(B12,'Attendance Sheet'!$D$4:$F$10,3,0) / VLOOKUP(B12,'Attendance Sheet'!$D$4:$F$10,2,0) -> 0.8 | F12: =IF(AND(D12>=70,E12>85%),"Pass","Fail") -> Fail
B15: Question 2:
B16: Using VLOOKUP, Calculate the attendance % of each student and create a new column to show the attendance % of each student in the table given above.
B19: Question 3:
B20: Add a pass or fail column, on the basis of science marks, next to the attendance column.
B21: Pass/Fail Criteria: The students who've scored equal to or above 70 & have attendance greater than 85% have passed.
