Workbook

Sheet Data
A1: Order_Date | B1: Year | C1: Month | D1: Region_Code | E1: Region_Name | F1: Country | G1: Category | H1: Product | I1: Total_Sales | J1: Profit | K1: Quantity | L1: Profit_Margin
A2: Jan-2025 | B2: 2025 | C2: Jan | D2: NA | E2: North America | F2: Usa | G2: Accessories | H2: Travel Backpack | I2: 1104.4 | J2: 355.04 | K2: 20 | L2: 0.321478
A3: Feb-2025 | B3: 2025 | C3: Feb | D3: EU | E3: Europe | F3: Uk | G3: Accessories | H3: Leather Wallet | I3: 1056.99 | J3: 403.4 | K3: 33 | L3: 0.38165
A4: Apr-2024 | B4: 2024 | C4: Apr | D4: EU | E4: Europe | F4: Italy | G4: Accessories | H4: Leather Wallet | I4: 968.32 | J4: 282.37 | K4: 34 | L4: 0.291608
A5: Oct-2024 | B5: 2024 | C5: Oct | D5: SA | E5: South America | F5: Brazil | G5: Electronics | H5: Bluetooth Speaker | I5: 338.16 | J5: 134.77 | K5: 6 | L5: 0.398539
A6: Feb-2025 | B6: 2025 | C6: Feb | D6: NA | E6: North America | F6: Canada | G6: Apparel | H6: Denim Jacket | I6: 1176.74 | J6: 430.8 | K6: 17 | L6: 0.366096
A7: Feb-2025 | B7: 2025 | C7: Feb | D7: NA | E7: North America | F7: Mexico | G7: Electronics | H7: Wireless Mouse | I7: 363.22 | J7: 87.86 | K7: 13 | L7: 0.241892
A8: Jun-2024 | B8: 2024 | C8: Jun | D8: EU | E8: Europe | F8: Uk | G8: Home Decor | H8: Glass Bowl Set | I8: 94.56 | J8: 20.08 | K8: 3 | L8: 0.212352
A9: May-2025 | B9: 2025 | C9: May | D9: AS | E9: Asia | F9: China | G9: Textiles | H9: Cotton Bedsheet | I9: 429.94 | J9: 66.91 | K9: 14 | L9: 0.155626
A10: Sep-2024 | B10: 2024 | C10: Sep | D10: NA | E10: North America | F10: Usa | G10: Home Decor | H10: Ceramic Vase | I10: 1150.09 | J10: 360.29 | K10: 47 | L10: 0.313271
A11: Aug-2024 | B11: 2024 | C11: Aug | D11: EU | E11: Europe | F11: Italy | G11: Electronics | H11: LED Lamp | I11: 512.46 | J11: 139.32 | K11: 27 | L11: 0.271865
A12: Apr-2025 | B12: 2025 | C12: Apr | D12: AS | E12: Asia | F12: China | G12: Accessories | H12: Travel Backpack | I12: 1850.88 | J12: 675.73 | K12: 32 | L12: 0.365086
A13: Dec-2024 | B13: 2024 | C13: Dec | D13: NA | E13: North America | F13: Canada | G13: Apparel | H13: Denim Jacket | I13: 2879.73 | J13: 779.44 | K13: 49 | L13: 0.270664
... A501: Jul-2024 | B501: 2024 | C501: Jul | D501: EU | E501: Europe | F501: Uk | G501: Home Decor | H501: Ceramic Vase | I501: 172.27 | J501: 54.13 | K501: 7 | L501: 0.314216

Sheet Calc
A4: MONTH | B4: SALES | C4: PROFIT
A5: Jan-2024 | B5: =SUMIFS(Data!$I$2:$I$501,Data!$B$2:$B$501,A5,Data!$C$2:$C$501,Dashboard!$B$4,Data!$D$2:$D$501,Dashboard!$B$5) | C5: =SUMIFS(Data!$J$2:$J$501,Data!$B$2:$B$501,A5,Data!$C$2:$C$501,Dashboard!$B$4,Data!$D$2:$D$501,Dashboard!$B$5)
A6: Feb-2024 | B6: =SUMIFS(Data!$I$2:$I$501,Data!$B$2:$B$501,A6,Data!$C$2:$C$501,Dashboard!$B$4,Data!$D$2:$D$501,Dashboard!$B$5) | C6: =SUMIFS(Data!$J$2:$J$501,Data!$B$2:$B$501,A6,Data!$C$2:$C$501,Dashboard!$B$4,Data!$D$2:$D$501,Dashboard!$B$5)
A7: Mar-2024 | B7: =SUMIFS(Data!$I$2:$I$501,Data!$B$2:$B$501,A7,Data!$C$2:$C$501,Dashboard!$B$4,Data!$D$2:$D$501,Dashboard!$B$5) | C7: =SUMIFS(Data!$J$2:$J$501,Data!$B$2:$B$501,A7,Data!$C$2:$C$501,Dashboard!$B$4,Data!$D$2:$D$501,Dashboard!$B$5)
A8: Apr-2024 | B8: =SUMIFS(Data!$I$2:$I$501,Data!$B$2:$B$501,A8,Data!$C$2:$C$501,Dashboard!$B$4,Data!$D$2:$D$501,Dashboard!$B$5) | C8: =SUMIFS(Data!$J$2:$J$501,Data!$B$2:$B$501,A8,Data!$C$2:$C$501,Dashboard!$B$4,Data!$D$2:$D$501,Dashboard!$B$5)
A9: May-2024 | B9: =SUMIFS(Data!$I$2:$I$501,Data!$B$2:$B$501,A9,Data!$C$2:$C$501,Dashboard!$B$4,Data!$D$2:$D$501,Dashboard!$B$5) | C9: =SUMIFS(Data!$J$2:$J$501,Data!$B$2:$B$501,A9,Data!$C$2:$C$501,Dashboard!$B$4,Data!$D$2:$D$501,Dashboard!$B$5)
A10: Jun-2024 | B10: =SUMIFS(Data!$I$2:$I$501,Data!$B$2:$B$501,A10,Data!$C$2:$C$501,Dashboard!$B$4,Data!$D$2:$D$501,Dashboard!$B$5) | C10: =SUMIFS(Data!$J$2:$J$501,Data!$B$2:$B$501,A10,Data!$C$2:$C$501,Dashboard!$B$4,Data!$D$2:$D$501,Dashboard!$B$5)
A11: Jul-2024 | B11: =SUMIFS(Data!$I$2:$I$501,Data!$B$2:$B$501,A11,Data!$C$2:$C$501,Dashboard!$B$4,Data!$D$2:$D$501,Dashboard!$B$5) | C11: =SUMIFS(Data!$J$2:$J$501,Data!$B$2:$B$501,A11,Data!$C$2:$C$501,Dashboard!$B$4,Data!$D$2:$D$501,Dashboard!$B$5)
A12: Aug-2024 | B12: =SUMIFS(Data!$I$2:$I$501,Data!$B$2:$B$501,A12,Data!$C$2:$C$501,Dashboard!$B$4,Data!$D$2:$D$501,Dashboard!$B$5) | C12: =SUMIFS(Data!$J$2:$J$501,Data!$B$2:$B$501,A12,Data!$C$2:$C$501,Dashboard!$B$4,Data!$D$2:$D$501,Dashboard!$B$5)
A13: Sep-2024 | B13: =SUMIFS(Data!$I$2:$I$501,Data!$B$2:$B$501,A13,Data!$C$2:$C$501,Dashboard!$B$4,Data!$D$2:$D$501,Dashboard!$B$5) | C13: =SUMIFS(Data!$J$2:$J$501,Data!$B$2:$B$501,A13,Data!$C$2:$C$501,Dashboard!$B$4,Data!$D$2:$D$501,Dashboard!$B$5)
A14: Oct-2024 | B14: =SUMIFS(Data!$I$2:$I$501,Data!$B$2:$B$501,A14,Data!$C$2:$C$501,Dashboard!$B$4,Data!$D$2:$D$501,Dashboard!$B$5) | C14: =SUMIFS(Data!$J$2:$J$501,Data!$B$2:$B$501,A14,Data!$C$2:$C$501,Dashboard!$B$4,Data!$D$2:$D$501,Dashboard!$B$5)
A15: Nov-2024 | B15: =SUMIFS(Data!$I$2:$I$501,Data!$B$2:$B$501,A15,Data!$C$2:$C$501,Dashboard!$B$4,Data!$D$2:$D$501,Dashboard!$B$5) | C15: =SUMIFS(Data!$J$2:$J$501,Data!$B$2:$B$501,A15,Data!$C$2:$C$501,Dashboard!$B$4,Data!$D$2:$D$501,Dashboard!$B$5)
A16: Dec-2024 | B16: =SUMIFS(Data!$I$2:$I$501,Data!$B$2:$B$501,A16,Data!$C$2:$C$501,Dashboard!$B$4,Data!$D$2:$D$501,Dashboard!$B$5) | C16: =SUMIFS(Data!$J$2:$J$501,Data!$B$2:$B$501,A16,Data!$C$2:$C$501,Dashboard!$B$4,Data!$D$2:$D$501,Dashboard!$B$5)
... A21: May-2025 | B21: =SUMIFS(Data!$I$2:$I$501,Data!$B$2:$B$501,A21,Data!$C$2:$C$501,Dashboard!$B$4,Data!$D$2:$D$501,Dashboard!$B$5) | C21: =SUMIFS(Data!$J$2:$J$501,Data!$B$2:$B$501,A21,Data!$C$2:$C$501,Dashboard!$B$4,Data!$D$2:$D$501,Dashboard!$B$5)
A23: REGION | B23: REGION_NAME | C23: SALES | D23: PROFIT
A24: NA | B24: North America | C24: =SUMIFS(Data!$I$2:$I$501,Data!$D$2:$D$501,A24,Data!$C$2:$C$501,Dashboard!$B$4) | D24: =SUMIFS(Data!$J$2:$J$501,Data!$D$2:$D$501,A24,Data!$C$2:$C$501,Dashboard!$B$4)
A25: EU | B25: Europe | C25: =SUMIFS(Data!$I$2:$I$501,Data!$D$2:$D$501,A25,Data!$C$2:$C$501,Dashboard!$B$4) | D25: =SUMIFS(Data!$J$2:$J$501,Data!$D$2:$D$501,A25,Data!$C$2:$C$501,Dashboard!$B$4)
A26: AS | B26: Asia | C26: =SUMIFS(Data!$I$2:$I$501,Data!$D$2:$D$501,A26,Data!$C$2:$C$501,Dashboard!$B$4) | D26: =SUMIFS(Data!$J$2:$J$501,Data!$D$2:$D$501,A26,Data!$C$2:$C$501,Dashboard!$B$4)
A27: AF | B27: Africa | C27: =SUMIFS(Data!$I$2:$I$501,Data!$D$2:$D$501,A27,Data!$C$2:$C$501,Dashboard!$B$4) | D27: =SUMIFS(Data!$J$2:$J$501,Data!$D$2:$D$501,A27,Data!$C$2:$C$501,Dashboard!$B$4)
A28: SA | B28: South America | C28: =SUMIFS(Data!$I$2:$I$501,Data!$D$2:$D$501,A28,Data!$C$2:$C$501,Dashboard!$B$4) | D28: =SUMIFS(Data!$J$2:$J$501,Data!$D$2:$D$501,A28,Data!$C$2:$C$501,Dashboard!$B$4)
A29: OC | B29: Oceania | C29: =SUMIFS(Data!$I$2:$I$501,Data!$D$2:$D$501,A29,Data!$C$2:$C$501,Dashboard!$B$4) | D29: =SUMIFS(Data!$J$2:$J$501,Data!$D$2:$D$501,A29,Data!$C$2:$C$501,Dashboard!$B$4)
A31: CATEGORY | B31: SALES
A32: Accessories | B32: =SUMIFS(Data!$I$2:$I$501,Data!$G$2:$G$501,A32,Data!$C$2:$C$501,Dashboard!$B$4,Data!$D$2:$D$501,Dashboard!$B$5)
A33: Apparel | B33: =SUMIFS(Data!$I$2:$I$501,Data!$G$2:$G$501,A33,Data!$C$2:$C$501,Dashboard!$B$4,Data!$D$2:$D$501,Dashboard!$B$5)
A34: Electronics | B34: =SUMIFS(Data!$I$2:$I$501,Data!$G$2:$G$501,A34,Data!$C$2:$C$501,Dashboard!$B$4,Data!$D$2:$D$501,Dashboard!$B$5)
A35: Home Decor | B35: =SUMIFS(Data!$I$2:$I$501,Data!$G$2:$G$501,A35,Data!$C$2:$C$501,Dashboard!$B$4,Data!$D$2:$D$501,Dashboard!$B$5)
A36: Textiles | B36: =SUMIFS(Data!$I$2:$I$501,Data!$G$2:$G$501,A36,Data!$C$2:$C$501,Dashboard!$B$4,Data!$D$2:$D$501,Dashboard!$B$5)
A38: PRODUCT | B38: PROFIT
A39: Bluetooth Speaker | B39: =SUMIFS(Data!$J$2:$J$501,Data!$H$2:$H$501,A39,Data!$C$2:$C$501,Dashboard!$B$4,Data!$D$2:$D$501,Dashboard!$B$5)
A40: Ceramic Vase | B40: =SUMIFS(Data!$J$2:$J$501,Data!$H$2:$H$501,A40,Data!$C$2:$C$501,Dashboard!$B$4,Data!$D$2:$D$501,Dashboard!$B$5)
A41: Cotton Bedsheet | B41: =SUMIFS(Data!$J$2:$J$501,Data!$H$2:$H$501,A41,Data!$C$2:$C$501,Dashboard!$B$4,Data!$D$2:$D$501,Dashboard!$B$5)
A42: Denim Jacket | B42: =SUMIFS(Data!$J$2:$J$501,Data!$H$2:$H$501,A42,Data!$C$2:$C$501,Dashboard!$B$4,Data!$D$2:$D$501,Dashboard!$B$5)
A43: Glass Bowl Set | B43: =SUMIFS(Data!$J$2:$J$501,Data!$H$2:$H$501,A43,Data!$C$2:$C$501,Dashboard!$B$4,Data!$D$2:$D$501,Dashboard!$B$5)
A44: LED Lamp | B44: =SUMIFS(Data!$J$2:$J$501,Data!$H$2:$H$501,A44,Data!$C$2:$C$501,Dashboard!$B$4,Data!$D$2:$D$501,Dashboard!$B$5)
A45: Leather Wallet | B45: =SUMIFS(Data!$J$2:$J$501,Data!$H$2:$H$501,A45,Data!$C$2:$C$501,Dashboard!$B$4,Data!$D$2:$D$501,Dashboard!$B$5)
A46: Table Lamp | B46: =SUMIFS(Data!$J$2:$J$501,Data!$H$2:$H$501,A46,Data!$C$2:$C$501,Dashboard!$B$4,Data!$D$2:$D$501,Dashboard!$B$5)
A47: Travel Backpack | B47: =SUMIFS(Data!$J$2:$J$501,Data!$H$2:$H$501,A47,Data!$C$2:$C$501,Dashboard!$B$4,Data!$D$2:$D$501,Dashboard!$B$5)
A48: Wireless Mouse | B48: =SUMIFS(Data!$J$2:$J$501,Data!$H$2:$H$501,A48,Data!$C$2:$C$501,Dashboard!$B$4,Data!$D$2:$D$501,Dashboard!$B$5)

Sheet Dashboard
A1: TRADE PERFORMANCE DASHBOARD
A2: Global Trade Orders | FY 2024 - 2025 | 500 transactions
A3: Year: | C3: Region:
B4: All
B5: Total Orders | D5: Total Sales | F5: Total Profit | H5: Avg Profit %
B6: =COUNTIFS(Data!$D$2:$D$501,Dashboard!$B$5,Data!$C$2:$C$501,Dashboard!$B$4) | D6: =SUMIFS(Data!$I$2:$I$501,Data!$D$2:$D$501,Dashboard!$B$5,Data!$C$2:$C$501,Dashboard!$B$4) | F6: =SUMIFS(Data!$J$2:$J$501,Data!$D$2:$D$501,Dashboard!$B$5,Data!$C$2:$C$501,Dashboard!$B$4) | H6: =IFERROR(AVERAGEIFS(Data!$L$2:$L$501,Data!$D$2:$D$501,Dashboard!$B$5,Data!$C$2:$C$501,Dashboard!$B$4),0)
B7: Use the Year & Region dropdowns to filter the dashboard.
